City_ID,City,Lat,Lng,Max Temp,Humidity,Cloudiness,Wind Speed,Country,Date
0,Rikitea,-23.12,-134.97,75.92,68,65,5.17,PF,2020-05-09 05:27:13
1,Naze,28.37,129.48,77.0,78,40,12.75,JP,2020-05-09 05:27:13
2,Albany,42.6,-73.97,34.0,68,100,1.01,US,2020-05-09 05:27:13
3,Bluff,-46.6,168.33,58.6,78,3,5.91,NZ,2020-05-09 05:27:14
4,Tiksi,71.69,128.87,22.03,96,100,9.46,RU,2020-05-09 05:27:14
5,Awbari,26.59,12.78,73.87,27,82,10.74,LY,2020-05-09 05:27:14
6,Hobart,-42.88,147.33,55.4,58,75,6.93,AU,2020-05-09 05:23:25
7,Behbahan,30.6,50.24,87.8,20,40,2.24,IR,2020-05-09 05:25:07
8,Codrington,-38.27,141.97,52.29,63,96,23.53,AU,2020-05-09 05:27:14
9,Chabahar,25.29,60.64,86.16,57,0,4.09,IR,2020-05-09 05:27:15
10,Punta Arenas,-53.15,-70.92,37.4,93,100,6.58,CL,2020-05-09 05:27:15
11,Chemainus,48.92,-123.72,61.0,51,5,2.24,CA,2020-05-09 05:22:31
12,Kieta,-6.22,155.63,84.36,70,14,5.14,PG,2020-05-09 05:27:15
13,Azul,-36.78,-59.86,50.0,83,100,1.99,AR,2020-05-09 05:27:15
14,Airai,-8.93,125.41,70.32,83,47,3.67,TL,2020-05-09 05:27:16
15,Garissa,-0.45,39.64,80.89,63,53,18.68,KE,2020-05-09 05:27:16
16,Yellowknife,62.46,-114.35,33.8,64,75,12.75,CA,2020-05-09 05:22:58
17,Kalashnikovo,57.28,35.23,49.73,62,0,1.41,RU,2020-05-09 05:27:16
18,Manakara,-22.13,48.02,68.5,92,56,4.7,MG,2020-05-09 05:27:17
19,Saint-Georges,12.06,-61.75,80.6,83,20,13.87,GD,2020-05-09 05:27:17
20,Hermanus,-34.42,19.23,57.99,83,49,1.01,ZA,2020-05-09 05:27:17
21,Ishigaki,24.34,124.16,82.4,78,40,10.29,JP,2020-05-09 05:27:17
22,Tasiilaq,65.61,-37.64,32.0,81,100,12.75,GL,2020-05-09 05:27:17
23,Strezhevoy,60.73,77.59,75.2,31,100,13.42,RU,2020-05-09 05:27:17
24,Ushuaia,-54.8,-68.3,42.8,87,37,4.7,AR,2020-05-09 05:27:18
25,Norman Wells,65.28,-126.83,33.8,69,5,6.93,CA,2020-05-09 05:27:18
26,Lebu,-37.62,-73.65,56.16,92,28,9.51,CL,2020-05-09 05:27:18
27,Okakarara,-20.58,17.43,48.13,62,0,3.13,NA,2020-05-09 05:27:18
28,Puerto Ayora,-0.74,-90.35,75.99,94,86,5.68,EC,2020-05-09 05:27:19
29,Hidalgo,20.5,-99.0,62.28,70,58,4.83,MX,2020-05-09 05:27:19
30,San Patricio,19.22,-104.7,75.76,69,0,3.74,MX,2020-05-09 05:27:19
31,Port Lincoln,-34.73,135.87,57.52,55,37,18.81,AU,2020-05-09 05:27:19
32,Tabuk,17.42,121.44,93.38,52,46,4.05,PH,2020-05-09 05:27:19
33,Cayenne,4.93,-52.33,78.8,83,83,3.36,GF,2020-05-09 05:27:20
34,Teeli,51.03,90.23,52.68,40,0,4.21,RU,2020-05-09 05:27:20
35,Katsuura,35.13,140.3,70.0,61,100,7.0,JP,2020-05-09 05:27:20
36,Dong Hoi,17.48,106.6,95.63,50,82,5.82,VN,2020-05-09 05:22:53
37,Vaini,-21.2,-175.2,78.8,88,40,8.05,TO,2020-05-09 05:27:21
38,Partizanskoye,55.5,94.39,55.87,39,42,7.47,RU,2020-05-09 05:27:21
39,Georgetown,5.41,100.34,89.6,70,40,6.93,MY,2020-05-09 05:26:24
40,Cape Town,-33.93,18.42,57.99,93,45,5.82,ZA,2020-05-09 05:27:21
41,Mataura,-46.19,168.86,55.53,80,0,2.89,NZ,2020-05-09 05:27:21
42,Dikson,73.51,80.55,27.3,96,82,20.54,RU,2020-05-09 05:27:22
43,Ancud,-41.87,-73.82,53.01,93,75,10.29,CL,2020-05-09 05:27:22
44,Busselton,-33.65,115.33,64.0,38,0,5.17,AU,2020-05-09 05:27:22
45,Kodiak,57.79,-152.41,44.6,87,90,20.8,US,2020-05-09 05:27:22
46,Jamestown,42.1,-79.24,26.6,63,90,18.34,US,2020-05-09 05:27:22
47,Portobelo,9.55,-79.65,80.6,88,100,4.7,PA,2020-05-09 05:27:22
48,Muhos,64.81,25.99,37.4,86,90,5.82,FI,2020-05-09 05:27:23
49,Sitka,57.05,-135.33,62.6,33,90,6.93,US,2020-05-09 05:27:23
50,Navirai,-23.07,-54.19,50.76,76,0,3.74,BR,2020-05-09 05:27:23
51,Sorland,67.67,12.69,33.31,85,100,12.3,NO,2020-05-09 05:27:23
52,Majene,-3.54,118.97,87.1,70,92,9.24,ID,2020-05-09 05:25:36
53,Hilo,19.73,-155.09,75.99,69,75,3.36,US,2020-05-09 05:23:21
54,Beachwood,41.46,-81.51,34.0,84,75,5.82,US,2020-05-09 05:26:16
55,Saskylakh,71.92,114.08,14.68,94,24,12.21,RU,2020-05-09 05:27:24
56,Kulhudhuffushi,6.62,73.07,84.79,73,66,3.87,MV,2020-05-09 05:27:24
57,Nome,64.5,-165.41,48.2,57,1,11.41,US,2020-05-09 05:27:25
58,Kurumkan,54.3,110.3,50.43,43,19,9.08,RU,2020-05-09 05:27:25
59,Yanam,16.73,82.22,91.4,63,40,4.7,IN,2020-05-09 05:27:25
60,Norwich,52.63,1.3,54.0,87,2,1.12,GB,2020-05-09 05:27:25
61,Zhangye,38.93,100.45,67.57,17,45,7.34,CN,2020-05-09 05:27:25
62,Fuengirola,36.54,-4.62,61.0,93,1,3.36,ES,2020-05-09 05:23:10
63,Turukhansk,65.82,87.98,46.2,96,100,13.29,RU,2020-05-09 05:27:26
64,Oranjemund,-28.55,16.43,58.3,72,0,3.76,NA,2020-05-09 05:27:26
65,Barrow,71.29,-156.79,19.4,92,90,12.75,US,2020-05-09 05:27:26
66,Chokwe,-24.53,32.98,62.87,86,4,3.85,MZ,2020-05-09 05:27:26
67,Peleduy,59.63,112.74,49.17,43,37,7.09,RU,2020-05-09 05:27:27
68,Grand Gaube,-20.01,57.66,80.01,71,0,4.0,MU,2020-05-09 05:27:27
69,Grindavik,63.84,-22.43,32.0,78,0,11.41,IS,2020-05-09 05:27:27
70,Qaanaaq,77.48,-69.36,5.11,76,0,5.1,GL,2020-05-09 05:27:27
71,Torbay,47.67,-52.73,37.99,93,90,11.41,CA,2020-05-09 05:27:27
72,Yumen,40.28,97.2,66.2,17,96,2.51,CN,2020-05-09 05:27:28
73,Ciudad Guayana,8.35,-62.65,78.01,83,63,4.0,VE,2020-05-09 05:27:13
74,Itarema,-2.92,-39.92,76.66,89,99,4.45,BR,2020-05-09 05:27:28
75,Avera,33.19,-82.53,59.0,93,1,8.05,US,2020-05-09 05:27:28
76,San Cristobal,7.77,-72.22,67.59,87,98,5.53,VE,2020-05-09 05:27:28
77,Nuuk,64.18,-51.72,39.2,80,100,3.36,GL,2020-05-09 05:27:28
78,Esperance,-33.87,121.9,57.2,71,90,8.05,AU,2020-05-09 05:27:29
79,Soyo,-6.13,12.37,78.37,90,95,3.15,AO,2020-05-09 05:27:29
80,Necochea,-38.55,-58.74,54.0,78,100,13.0,AR,2020-05-09 05:27:29
81,Damghan,36.17,54.35,68.65,24,0,2.33,IR,2020-05-09 05:27:29
82,Kapaa,22.08,-159.32,73.4,73,75,16.11,US,2020-05-09 05:27:29
83,Thunder Bay,48.4,-89.32,28.99,68,75,4.7,CA,2020-05-09 05:27:28
84,Sao Gabriel Da Cachoeira,-0.13,-67.09,71.37,98,100,1.77,BR,2020-05-09 05:27:30
85,Sumenep,-7.02,113.87,83.35,82,100,9.84,ID,2020-05-09 05:27:30
86,Atuona,-9.8,-139.03,81.05,77,88,18.59,PF,2020-05-09 05:27:30
87,North Bend,43.41,-124.22,59.0,87,1,4.7,US,2020-05-09 05:27:30
88,Bredasdorp,-34.53,20.04,59.0,93,86,3.36,ZA,2020-05-09 05:27:30
89,Antofagasta,-23.65,-70.4,59.0,87,75,8.05,CL,2020-05-09 05:27:31
90,Avarua,-21.21,-159.78,78.8,78,7,6.93,CK,2020-05-09 05:27:31
91,Arraial Do Cabo,-22.97,-42.03,69.21,64,41,6.31,BR,2020-05-09 05:27:31
92,Akyab,20.15,92.9,88.05,51,2,8.43,MM,2020-05-09 05:27:31
93,Carnarvon,-24.87,113.63,79.65,33,100,12.64,AU,2020-05-09 05:27:31
94,Itapirapua,-15.82,-50.61,68.27,85,50,5.01,BR,2020-05-09 05:27:32
95,Tura,25.52,90.22,93.65,25,0,3.51,IN,2020-05-09 05:27:32
96,Arlit,18.74,7.39,80.19,14,19,7.27,NE,2020-05-09 05:27:32
97,Jiwani,25.05,61.74,86.18,62,0,2.89,PK,2020-05-09 05:27:32
98,Mahebourg,-20.41,57.7,77.0,78,40,8.05,MU,2020-05-09 05:27:32
99,Namibe,-15.2,12.15,77.86,53,0,3.0,AO,2020-05-09 05:27:33
100,Nikolskoye,59.7,30.79,50.0,57,59,11.18,RU,2020-05-09 05:27:33
101,Guerrero Negro,27.98,-114.06,66.52,77,0,10.71,MX,2020-05-09 05:27:33
102,Saint-Philippe,-21.36,55.77,78.01,57,20,5.82,RE,2020-05-09 05:27:33
103,Goroka,-6.08,145.39,71.35,81,81,2.84,PG,2020-05-09 05:27:33
104,Evensk,61.95,159.23,35.71,83,2,15.57,RU,2020-05-09 05:27:34
105,Tuktoyaktuk,69.45,-133.04,32.0,97,5,14.99,CA,2020-05-09 05:27:34
106,Provideniya,64.38,-173.3,40.53,69,28,16.33,RU,2020-05-09 05:27:34
107,Elat,29.56,34.95,73.4,35,1,6.53,IL,2020-05-09 05:27:34
108,Prince Rupert,54.32,-130.32,56.1,63,100,1.21,CA,2020-05-09 05:27:34
109,Cabo San Lucas,22.89,-109.91,73.0,72,0,11.99,MX,2020-05-09 05:24:56
110,Poum,-20.23,164.02,76.01,68,1,6.31,NC,2020-05-09 05:27:35
111,Teguise,29.06,-13.56,66.2,77,20,1.12,ES,2020-05-09 05:27:35
112,East London,-33.02,27.91,57.2,100,35,6.93,ZA,2020-05-09 05:27:35
113,Hamilton,39.18,-84.53,36.0,43,1,4.7,US,2020-05-09 05:27:35
114,San Quintin,30.48,-115.95,66.34,75,0,1.83,MX,2020-05-09 05:27:36
115,Maniitsoq,65.42,-52.9,37.09,77,100,2.48,GL,2020-05-09 05:27:36
116,Areosa,41.72,-8.86,60.01,87,75,8.05,PT,2020-05-09 05:27:36
117,Muros,42.78,-9.06,57.99,82,79,1.99,ES,2020-05-09 05:27:36
118,Castro,-24.79,-50.01,47.19,98,10,5.75,BR,2020-05-09 05:27:37
119,Wewak,-3.55,143.63,85.14,70,71,8.01,PG,2020-05-09 05:27:37
120,Joshimath,30.57,79.57,66.11,30,0,5.41,IN,2020-05-09 05:27:37
121,Kaili,-3.46,120.21,80.91,70,94,3.56,ID,2020-05-09 05:27:37
122,Kahului,20.89,-156.47,75.2,73,20,16.11,US,2020-05-09 05:23:39
123,Nioro,13.35,-15.75,74.12,48,69,4.21,GM,2020-05-09 05:27:38
124,Iqaluit,63.75,-68.51,30.2,63,90,8.37,CA,2020-05-09 05:27:38
125,Longyearbyen,78.22,15.64,24.8,62,40,8.05,SJ,2020-05-09 05:27:38
126,Chokurdakh,70.63,147.92,31.06,98,100,6.93,RU,2020-05-09 05:27:38
127,Pevek,69.7,170.31,37.83,78,0,5.91,RU,2020-05-09 05:27:38
128,Los Llanos De Aridane,28.66,-17.92,66.2,72,4,5.82,ES,2020-05-09 05:27:39
129,Arona,28.1,-16.68,69.01,77,40,1.12,ES,2020-05-09 05:27:39
130,Mayo,38.89,-76.51,43.0,87,90,14.99,US,2020-05-09 05:27:39
131,New Norfolk,-42.78,147.06,54.0,72,100,3.0,AU,2020-05-09 05:27:39
132,Port Alfred,-33.59,26.89,59.0,97,1,6.98,ZA,2020-05-09 05:27:40
133,Shingu,33.73,135.98,69.8,52,75,14.99,JP,2020-05-09 05:27:40
134,Ivanteyevka,55.97,37.92,53.01,76,87,6.71,RU,2020-05-09 05:27:40
135,Mirpur Khas,25.53,69.02,97.86,33,0,17.87,PK,2020-05-09 05:27:40
136,Altay,47.87,88.12,66.81,25,0,2.77,CN,2020-05-09 05:27:41
137,Te Anau,-45.42,167.72,56.8,75,5,4.16,NZ,2020-05-09 05:27:41
138,Port Augusta,-32.5,137.77,62.6,36,0,16.11,AU,2020-05-09 05:27:41
139,Vanavara,60.34,102.28,49.1,50,100,9.44,RU,2020-05-09 05:27:41
140,Tzucacab,20.07,-89.05,78.93,79,65,5.57,MX,2020-05-09 05:27:41
141,Mongoumba,3.64,18.59,72.01,97,88,1.57,CF,2020-05-09 05:27:42
142,Bengkulu,-3.8,102.27,86.54,66,76,8.3,ID,2020-05-09 05:27:42
143,Vestmannaeyjar,63.44,-20.27,39.74,72,53,5.06,IS,2020-05-09 05:27:42
144,Gamba,-2.65,10.0,78.17,86,97,4.07,GA,2020-05-09 05:27:42
145,Fort Nelson,58.81,-122.7,55.4,43,75,6.93,CA,2020-05-09 05:27:42
146,Fomboni,-12.28,43.74,80.92,79,99,17.96,KM,2020-05-09 05:27:43
147,Zhangjiakou,40.81,114.88,73.67,19,100,11.72,CN,2020-05-09 05:27:43
148,Saldanha,-33.01,17.94,55.4,76,17,3.36,ZA,2020-05-09 05:27:43
149,Cockburn Town,21.46,-71.14,80.47,85,94,20.89,TC,2020-05-09 05:27:43
150,La Colorada,8.02,-80.98,79.29,88,100,3.94,PA,2020-05-09 05:27:43
151,Beloha,-25.17,45.05,69.53,70,1,16.22,MG,2020-05-09 05:27:43
152,De Aar,-30.65,24.01,52.29,41,0,3.09,ZA,2020-05-09 05:27:44
153,Hovd,48.01,91.64,49.32,44,27,6.6,MN,2020-05-09 05:27:44
154,Berlevag,70.86,29.09,32.68,91,96,13.4,NO,2020-05-09 05:27:44
155,Yagodnoye,62.55,149.67,29.84,94,100,3.06,RU,2020-05-09 05:27:44
156,Lavrentiya,65.58,-171.0,36.21,84,0,11.5,RU,2020-05-09 05:27:44
157,Aklavik,68.22,-135.01,44.6,45,5,10.29,CA,2020-05-09 05:27:45
158,Laguna,38.42,-121.42,77.0,44,1,4.7,US,2020-05-09 05:27:45
159,Havre-Saint-Pierre,50.23,-63.6,37.4,86,90,13.87,CA,2020-05-09 05:27:45
160,Narsaq,60.92,-46.05,50.0,27,97,11.41,GL,2020-05-09 05:27:45
161,Flin Flon,54.77,-101.86,32.31,93,98,8.68,CA,2020-05-09 05:27:45
162,Tiznit,29.58,-9.5,57.63,87,70,3.4,MA,2020-05-09 05:27:45
163,Kaitangata,-46.28,169.85,55.0,71,0,1.99,NZ,2020-05-09 05:27:46
164,Blackwater,-23.58,148.88,79.72,35,8,2.13,AU,2020-05-09 05:27:46
165,Forio,40.73,13.86,66.0,81,12,2.35,IT,2020-05-09 05:27:46
166,Goure,13.98,10.27,87.58,29,32,7.07,NE,2020-05-09 05:27:47
167,Souillac,-20.52,57.52,77.0,78,40,8.05,MU,2020-05-09 05:27:47
168,Bilibino,68.05,166.44,39.0,73,10,7.58,RU,2020-05-09 05:27:47
169,Vila Franca Do Campo,37.72,-25.43,59.0,100,75,10.29,PT,2020-05-09 05:27:47
170,Paamiut,61.99,-49.67,36.97,82,93,6.02,GL,2020-05-09 05:27:48
171,Griffith,41.53,-87.42,33.8,74,1,4.83,US,2020-05-09 05:27:48
172,Caravelas,-17.71,-39.25,73.29,72,99,12.39,BR,2020-05-09 05:27:48
173,La Ronge,55.1,-105.28,30.2,74,40,3.36,CA,2020-05-09 05:27:48
174,Severo-Kurilsk,50.68,156.12,34.5,88,79,15.9,RU,2020-05-09 05:27:48
175,Wschowa,51.81,16.32,57.0,68,94,1.99,PL,2020-05-09 05:27:48
176,Nyurba,63.28,118.33,39.06,59,0,6.76,RU,2020-05-09 05:27:49
177,Basco,20.45,121.97,83.25,71,81,5.01,PH,2020-05-09 05:27:49
178,Ocampo,21.65,-101.5,61.47,57,94,7.54,MX,2020-05-09 05:27:49
179,Upernavik,72.79,-56.15,20.71,92,100,10.4,GL,2020-05-09 05:27:49
180,Butaritari,3.07,172.79,83.68,73,98,7.78,KI,2020-05-09 05:27:50
181,Srandakan,-7.94,110.25,85.15,75,100,7.7,ID,2020-05-09 05:27:50
182,Bonthe,7.53,-12.51,79.54,88,100,5.3,SL,2020-05-09 05:27:50
183,San Juan,-31.54,-68.54,57.49,46,45,2.06,AR,2020-05-09 05:27:50
184,Mumford,5.26,-0.76,80.33,88,98,7.34,GH,2020-05-09 05:27:50
185,Clarksdale,34.2,-90.57,53.01,100,1,6.93,US,2020-05-09 05:26:35
186,Mocajuba,-2.58,-49.51,74.82,97,98,1.28,BR,2020-05-09 05:27:51
187,Storforshei,66.4,14.52,28.99,93,87,1.39,NO,2020-05-09 05:27:51
188,Bago,17.34,96.48,95.0,53,40,6.93,MM,2020-05-09 05:27:51
189,Havelock,34.88,-76.9,64.4,52,90,8.05,US,2020-05-09 05:27:51
190,Banepa,27.63,85.52,73.4,53,40,4.7,NP,2020-05-09 05:27:51
191,Gangapur,26.48,76.72,102.63,12,0,0.65,IN,2020-05-09 05:27:52
192,Khandagayty,50.73,92.05,49.95,42,0,9.42,RU,2020-05-09 05:27:52
193,Litomerice,50.53,14.13,57.99,69,62,2.59,CZ,2020-05-09 05:27:52
194,Ardatov,55.24,43.1,54.55,91,100,4.12,RU,2020-05-09 05:27:52
195,Nanakuli,21.39,-158.15,75.2,64,1,8.05,US,2020-05-09 05:27:52
196,Atar,20.52,-13.05,78.03,18,94,10.22,MR,2020-05-09 05:27:53
197,Yurla,59.33,54.32,66.0,59,0,6.29,RU,2020-05-09 05:27:53
198,Beringovskiy,63.05,179.32,32.65,96,100,7.45,RU,2020-05-09 05:27:53
199,Victoria,22.29,114.16,88.0,70,68,4.0,HK,2020-05-09 05:23:36
200,Waipawa,-41.41,175.52,59.0,77,53,11.41,NZ,2020-05-09 05:27:53
201,Hasaki,35.73,140.83,72.0,60,75,10.29,JP,2020-05-09 05:27:53
202,Bardsir,29.92,56.57,75.2,17,0,6.93,IR,2020-05-09 05:27:54
203,Meadow Lake,34.8,-106.54,59.0,22,1,9.17,US,2020-05-09 05:27:54
204,Altos,-5.04,-42.46,78.8,94,18,2.37,BR,2020-05-09 05:27:54
205,Lugovoy,42.95,72.76,69.21,55,100,4.85,KZ,2020-05-09 05:27:54
206,Chuy,-33.7,-53.46,49.68,82,0,6.4,UY,2020-05-09 05:27:54
207,Mount Gambier,-37.83,140.77,51.8,66,40,21.92,AU,2020-05-09 05:27:55
208,Bethel,41.37,-73.41,34.0,86,90,5.82,US,2020-05-09 05:23:17
209,Takoradi,4.88,-1.76,79.95,87,94,5.66,GH,2020-05-09 05:27:55
210,Rancho Palos Verdes,33.74,-118.39,64.99,92,59,1.01,US,2020-05-09 05:25:42
211,Takaka,-40.85,172.8,60.01,61,0,1.45,NZ,2020-05-09 05:27:55
212,Floro,61.6,5.03,42.8,87,75,20.8,NO,2020-05-09 05:27:56
213,Luderitz,-26.65,15.16,50.0,100,0,3.36,NA,2020-05-09 05:27:56
214,Mogadishu,2.04,45.34,81.91,76,3,15.46,SO,2020-05-09 05:27:56
215,Hithadhoo,-0.6,73.08,85.24,79,99,14.72,MV,2020-05-09 05:27:56
216,Gananoque,44.33,-76.17,30.99,44,100,11.01,CA,2020-05-09 05:23:45
217,Lander,42.83,-108.73,41.0,80,75,10.29,US,2020-05-09 05:27:56
218,Pisco,-13.7,-76.22,64.99,88,82,10.29,PE,2020-05-09 05:27:57
219,Oistins,13.07,-59.53,80.6,74,20,17.22,BB,2020-05-09 05:27:57
220,Bastia,42.67,9.33,62.01,81,40,5.82,FR,2020-05-09 05:27:57
221,Omboue,-1.57,9.26,76.59,91,100,7.81,GA,2020-05-09 05:27:57
222,Valparai,10.37,76.97,91.4,70,40,5.82,IN,2020-05-09 05:25:11
223,Umm Lajj,25.02,37.27,82.54,38,100,4.03,SA,2020-05-09 05:27:58
224,Port-Cartier,50.03,-66.87,24.8,92,20,4.7,CA,2020-05-09 05:27:58
225,Tateyama,34.98,139.87,69.8,60,75,12.75,JP,2020-05-09 05:27:58
226,Ucluelet,48.93,-125.55,55.99,73,24,6.17,CA,2020-05-09 05:27:59
227,Faanui,-16.48,-151.75,82.27,79,73,14.05,PF,2020-05-09 05:27:59
228,Cherskiy,68.75,161.3,40.37,74,0,3.56,RU,2020-05-09 05:27:59
229,Ulaanbaatar,47.91,106.88,39.2,55,75,24.61,MN,2020-05-09 05:24:35
230,Thompson,55.74,-97.86,26.6,73,5,10.29,CA,2020-05-09 05:27:56
231,Ribeira Grande,38.52,-28.7,63.27,90,98,19.53,PT,2020-05-09 05:28:00
232,Dawlatabad,36.41,64.91,78.75,33,0,14.05,AF,2020-05-09 05:28:00
233,Kampot,10.62,104.18,93.2,59,20,6.93,KH,2020-05-09 05:28:00
234,Lata,40.16,-8.33,57.99,88,99,1.01,PT,2020-05-09 05:28:00
235,Rawson,-43.3,-65.1,68.76,40,96,25.39,AR,2020-05-09 05:25:54
236,Egvekinot,66.32,-179.17,35.08,88,99,9.93,RU,2020-05-09 05:28:01
237,Kibala,9.11,18.35,79.74,60,3,4.76,TD,2020-05-09 05:28:01
238,Tabuleiro Do Norte,-5.25,-38.13,71.47,82,5,0.85,BR,2020-05-09 05:28:01
239,Sangar,63.92,127.47,31.39,98,100,11.72,RU,2020-05-09 05:28:01
240,Nurota,40.56,65.69,69.8,56,75,16.11,UZ,2020-05-09 05:28:01
241,Miri,4.41,114.01,86.0,89,75,6.93,MY,2020-05-09 05:28:02
242,Ambon,-3.7,128.18,89.6,62,40,8.05,ID,2020-05-09 05:28:02
243,Lompoc,34.64,-120.46,62.01,82,1,1.61,US,2020-05-09 05:26:15
244,Tual,-5.67,132.75,83.28,77,13,18.5,ID,2020-05-09 05:28:02
245,Kamaishi,39.27,141.88,68.0,52,75,10.29,JP,2020-05-09 05:28:02
246,Port Elizabeth,-33.92,25.57,55.4,93,20,1.12,ZA,2020-05-09 05:28:02
247,Sinnamary,5.38,-52.95,77.41,83,81,10.02,GF,2020-05-09 05:28:03
248,Northam,51.03,-4.22,51.01,95,83,1.01,GB,2020-05-09 05:28:03
249,Quatre Cocos,-20.21,57.76,80.01,78,40,8.05,MU,2020-05-09 05:28:03
250,Wanning,18.8,110.4,89.83,65,28,15.39,CN,2020-05-09 05:28:03
251,San Rafael,-34.62,-68.33,60.08,34,0,7.61,AR,2020-05-09 05:28:04
252,Tiruppuvanam,9.83,78.27,93.2,52,40,4.88,IN,2020-05-09 05:28:04
253,Hirado,33.36,129.55,66.2,93,75,8.05,JP,2020-05-09 05:28:04
254,Pangnirtung,66.15,-65.71,26.8,88,100,2.3,CA,2020-05-09 05:28:04
255,La Rioja,42.25,-2.5,55.4,87,100,6.93,ES,2020-05-09 05:28:04
256,Padang,-0.95,100.35,89.73,54,91,3.4,ID,2020-05-09 05:28:05
257,Ingham,42.6,-84.38,30.0,50,1,5.82,US,2020-05-09 05:28:05
258,Campos,-21.75,-41.3,60.84,89,3,5.01,BR,2020-05-09 05:28:05
259,Atri,42.58,13.98,57.0,81,1,2.24,IT,2020-05-09 05:28:05
260,Lorengau,-2.02,147.27,85.62,71,38,4.25,PG,2020-05-09 05:28:05
261,Vikhorevka,56.12,101.16,53.6,34,40,8.95,RU,2020-05-09 05:28:06
262,Santa Isabel,-23.32,-46.22,55.4,87,75,3.36,BR,2020-05-09 05:28:06
263,Polunochnoye,60.87,60.42,70.74,50,64,3.42,RU,2020-05-09 05:28:06
264,Westport,41.14,-73.36,37.0,95,100,19.28,US,2020-05-09 05:27:52
265,High Level,58.52,-117.14,46.4,45,5,8.05,CA,2020-05-09 05:23:53
266,Cancun,21.17,-86.85,80.6,83,40,8.05,MX,2020-05-09 05:26:23
267,Inta,66.03,60.17,42.8,68,40,6.46,RU,2020-05-09 05:28:07
268,Hay River,60.82,-115.8,35.6,80,75,3.36,CA,2020-05-09 05:28:07
269,Kasangulu,-4.59,15.17,71.64,95,99,1.21,CD,2020-05-09 05:28:07
270,Mbuguni,-3.57,36.95,69.8,88,75,5.82,TZ,2020-05-09 05:28:07
271,Aldan,58.6,125.39,34.74,83,100,10.74,RU,2020-05-09 05:28:07
272,Karatuzskoye,53.61,92.87,61.47,33,7,0.13,RU,2020-05-09 05:28:08
273,Lansing,42.73,-84.56,30.0,50,1,6.93,US,2020-05-09 05:24:56
274,Chupaca,-12.07,-75.28,47.21,77,51,0.65,PE,2020-05-09 05:28:08
275,Vardo,70.37,31.11,35.6,59,40,2.24,NO,2020-05-09 05:28:08
276,Neryungri,56.67,124.65,39.04,67,39,10.51,RU,2020-05-09 05:28:08
277,Alcanena,39.46,-8.67,54.0,99,84,3.18,PT,2020-05-09 05:28:09
278,Lakatoro,-16.1,167.42,82.4,65,20,9.17,VU,2020-05-09 05:28:09
279,Lhokseumawe,5.18,97.15,87.19,65,85,5.68,ID,2020-05-09 05:28:09
280,Dicabisagan,17.08,122.42,88.43,63,69,6.38,PH,2020-05-09 05:28:09
281,Camocim,-2.9,-40.84,76.95,90,97,5.5,BR,2020-05-09 05:28:09
282,Qianan,44.99,124.06,66.96,36,100,7.63,CN,2020-05-09 05:28:10
283,Ghanzi,-21.57,21.78,52.0,47,0,5.7,BW,2020-05-09 05:28:10
284,Rio Grande,-32.03,-52.1,48.0,95,18,8.68,BR,2020-05-09 05:27:47
285,Oudtshoorn,-33.59,22.2,57.2,100,90,4.7,ZA,2020-05-09 05:28:10
286,Kadhan,24.48,68.99,98.94,27,15,16.35,PK,2020-05-09 05:28:10
287,Port Moresby,-9.44,147.18,89.6,66,40,17.22,PG,2020-05-09 05:25:18
288,Kisangani,0.52,25.2,71.31,98,98,1.39,CD,2020-05-09 05:28:11
289,Ust-Kulom,61.69,53.69,48.24,96,100,5.01,RU,2020-05-09 05:28:11
290,Kilembe,0.2,30.0,64.51,78,98,0.58,UG,2020-05-09 05:28:11
291,Adamas,36.73,24.43,62.65,69,0,11.5,GR,2020-05-09 05:28:11
292,Bereda,43.27,-7.54,57.0,100,63,1.45,ES,2020-05-09 05:28:12
293,Ahipara,-35.17,173.17,61.59,76,1,6.58,NZ,2020-05-09 05:28:12
294,Alyangula,-13.85,136.42,82.4,74,75,9.17,AU,2020-05-09 05:28:12
295,Olafsvik,64.89,-23.71,34.72,82,0,12.33,IS,2020-05-09 05:28:12
296,Porto Murtinho,-21.7,-57.88,54.43,62,0,2.35,BR,2020-05-09 05:28:12
297,Port Hedland,-20.32,118.57,93.2,14,70,14.99,AU,2020-05-09 05:28:12
298,Ust-Omchug,61.15,149.63,31.95,92,93,5.35,RU,2020-05-09 05:28:13
299,Alugan,12.22,125.48,85.46,64,8,7.18,PH,2020-05-09 05:28:13
300,Kabare,-2.47,28.82,62.47,87,94,2.93,CD,2020-05-09 05:28:13
301,Vestmanna,62.16,-7.17,37.4,69,97,13.87,FO,2020-05-09 05:28:13
302,Ilulissat,69.22,-51.1,30.2,74,100,1.54,GL,2020-05-09 05:28:14
303,Nanortalik,60.14,-45.24,37.8,75,30,5.7,GL,2020-05-09 05:28:14
304,Dharchula,29.85,80.53,77.29,32,0,5.46,IN,2020-05-09 05:28:14
305,Woodward,36.43,-99.39,42.01,56,1,7.11,US,2020-05-09 05:28:14
306,Bafia,4.75,11.23,68.81,96,75,0.49,CM,2020-05-09 05:28:14
307,Mahibadhoo,3.78,72.97,85.42,74,38,9.24,MV,2020-05-09 05:28:15
308,Sandwick,60.0,-1.25,42.8,87,100,2.24,GB,2020-05-09 05:28:15
309,Tezu,27.92,96.17,90.59,24,0,4.32,IN,2020-05-09 05:28:15
310,Abaza,52.66,90.09,60.48,32,3,5.03,RU,2020-05-09 05:28:15
311,Stepnogorsk,52.35,71.89,66.69,31,38,17.83,KZ,2020-05-09 05:28:16
312,Troitskoye,52.98,84.68,64.71,36,0,13.11,RU,2020-05-09 05:28:16
313,Hami,42.8,93.45,76.5,15,0,5.44,CN,2020-05-09 05:28:16
314,Sao Jose Da Coroa Grande,-8.9,-35.15,76.17,80,51,7.14,BR,2020-05-09 05:28:16
315,Samarai,-10.62,150.67,81.07,79,45,14.25,PG,2020-05-09 05:28:16
316,Hambantota,6.12,81.12,87.19,70,27,7.87,LK,2020-05-09 05:28:17
317,Siirt,37.93,41.94,66.2,72,75,10.29,TR,2020-05-09 05:28:17
318,Owando,-0.48,15.9,71.17,99,100,2.53,CG,2020-05-09 05:28:17
319,Pochutla,15.74,-96.47,82.0,77,31,4.41,MX,2020-05-09 05:28:17
320,Bandarbeyla,9.49,50.81,83.59,66,0,5.44,SO,2020-05-09 05:28:17
321,Ciudad Del Maiz,22.4,-99.6,64.0,73,42,1.99,MX,2020-05-09 05:28:18
322,Itoman,26.12,127.67,80.6,69,75,10.29,JP,2020-05-09 05:28:18
323,Terrace,54.52,-128.6,62.6,39,75,13.87,CA,2020-05-09 05:28:18
324,Biak,-0.91,122.88,85.14,72,94,7.49,ID,2020-05-09 05:28:18
325,Bowen,-20.02,148.23,80.01,57,90,11.41,AU,2020-05-09 05:28:18
326,Gigmoto,13.78,124.39,88.07,60,10,5.17,PH,2020-05-09 05:28:19
327,Dingle,11.0,122.67,95.49,39,96,9.35,PH,2020-05-09 05:28:19
328,Ejura,7.39,-1.36,74.66,90,22,4.54,GH,2020-05-09 05:28:19
329,Khatanga,71.97,102.5,29.28,97,100,20.13,RU,2020-05-09 05:27:54
330,Yurty,56.05,97.63,55.13,47,69,7.16,RU,2020-05-09 05:28:19
331,Kathu,7.92,98.33,89.6,70,20,9.17,TH,2020-05-09 05:28:20
332,Boyabat,41.47,34.77,49.5,64,18,1.9,TR,2020-05-09 05:28:20
333,Kaeo,-35.1,173.78,62.01,35,0,1.01,NZ,2020-05-09 05:28:20
334,Ukhta,63.57,53.68,48.29,64,70,2.48,RU,2020-05-09 05:28:20
335,Sanming,26.25,117.62,93.65,53,81,5.91,CN,2020-05-09 05:28:20
336,Reyes,-14.32,-67.38,61.99,77,73,1.92,BO,2020-05-09 05:28:21
337,Praia Da Vitoria,38.73,-27.07,59.0,93,75,10.85,PT,2020-05-09 05:28:21
338,Labrea,-7.26,-64.8,70.63,86,87,1.57,BR,2020-05-09 05:28:21
339,Talnakh,69.49,88.4,32.0,95,75,17.9,RU,2020-05-09 05:28:21
340,Puerto Colombia,10.99,-74.95,82.4,83,40,6.93,CO,2020-05-09 05:27:18
341,Kidal,18.44,1.41,78.91,14,0,6.2,ML,2020-05-09 05:28:22
342,Sosnovo-Ozerskoye,52.52,111.54,51.19,42,98,10.18,RU,2020-05-09 05:28:22
343,Sao Filipe,14.9,-24.5,72.41,80,7,10.47,CV,2020-05-09 05:28:22
344,Ambilobe,-13.2,49.05,77.47,73,89,3.53,MG,2020-05-09 05:28:22
345,Yar-Sale,66.83,70.83,35.31,87,98,3.29,RU,2020-05-09 05:28:22
346,Ugep,5.81,8.08,74.52,94,75,3.56,NG,2020-05-09 05:28:23
347,Zaraza,9.35,-65.32,77.05,72,80,3.71,VE,2020-05-09 05:28:23
348,Rio Gallegos,-51.62,-69.22,41.0,100,90,6.93,AR,2020-05-09 05:28:23
349,Eureka,40.8,-124.16,55.0,81,99,2.91,US,2020-05-09 05:27:11
350,Svetlogorsk,52.63,29.73,47.53,66,56,3.62,BY,2020-05-09 05:28:23
351,Muroto,33.28,134.15,68.0,64,75,14.99,JP,2020-05-09 05:28:23
352,Adrar,20.5,-10.07,82.35,16,2,11.36,MR,2020-05-09 05:28:24
353,Port Macquarie,-31.43,152.92,71.01,60,81,1.01,AU,2020-05-09 05:28:24
354,Pirogovo,56.78,53.15,73.0,34,1,1.99,RU,2020-05-09 05:28:24
355,Sibolga,1.74,98.78,87.91,63,100,6.55,ID,2020-05-09 05:28:24
356,Mirnyy,62.54,113.96,41.0,27,20,13.42,RU,2020-05-09 05:28:24
357,Mangrol,21.12,70.12,88.5,57,0,10.71,IN,2020-05-09 05:28:25
358,Tautira,-17.73,-149.15,84.2,74,60,5.82,PF,2020-05-09 05:28:25
359,Sar-E Pul,35.83,66.17,67.6,43,0,5.59,AF,2020-05-09 05:28:25
360,Kavieng,-2.57,150.8,85.14,73,7,9.82,PG,2020-05-09 05:28:25
361,Bud,39.45,-86.18,35.01,79,0,4.94,US,2020-05-09 05:28:25
362,Najran,17.49,44.13,82.4,39,40,13.29,SA,2020-05-09 05:28:26
363,Bogorodskoye,56.55,37.88,47.71,80,50,6.82,RU,2020-05-09 05:28:26
364,Temirtau,50.05,72.95,68.0,30,100,20.13,KZ,2020-05-09 05:28:26
365,Sindor,62.86,51.89,47.26,71,81,4.03,RU,2020-05-09 05:28:26
366,Kanigoro,-8.13,112.22,87.15,70,100,3.53,ID,2020-05-09 05:28:27
367,Leshukonskoye,64.9,45.76,43.14,74,71,3.58,RU,2020-05-09 05:28:27
368,Kincardine,56.07,-3.72,46.99,100,29,2.95,GB,2020-05-09 05:28:27
369,Gazli,40.13,63.45,70.99,49,28,15.97,UZ,2020-05-09 05:28:27
370,Usinsk,65.99,57.53,44.01,71,22,7.81,RU,2020-05-09 05:28:27
371,Sakakah,29.97,40.21,77.0,9,34,14.99,SA,2020-05-09 05:28:27
372,Mecca,21.43,39.83,85.14,49,70,2.51,SA,2020-05-09 05:28:28
373,Litovko,49.24,135.17,68.41,26,100,5.88,RU,2020-05-09 05:28:28
374,Kijang,35.24,129.21,62.6,88,90,5.82,KR,2020-05-09 05:28:28
375,Innisfail,-17.53,146.03,77.13,70,91,7.2,AU,2020-05-09 05:28:28
376,Marawi,8.0,124.29,84.99,79,100,8.99,PH,2020-05-09 05:28:29
377,Datong,40.09,113.29,69.46,21,96,12.8,CN,2020-05-09 05:28:29
378,Mayor Pablo Lagerenza,-19.93,-60.77,54.3,56,0,4.65,PY,2020-05-09 05:28:29
379,Vieux-Habitants,16.06,-61.77,77.0,83,40,5.82,GP,2020-05-09 05:28:29
380,Ashtabula,41.7,-80.77,32.0,84,75,8.05,US,2020-05-09 05:28:29
381,Richards Bay,-28.78,32.04,64.33,90,0,4.45,ZA,2020-05-09 05:28:30
382,Sola,-13.88,167.55,81.01,68,2,8.19,VU,2020-05-09 05:28:03
383,Oloron-Sainte-Marie,43.19,-0.61,62.6,93,51,6.93,FR,2020-05-09 05:28:30
384,Marti,22.95,-80.92,75.2,64,53,1.12,CU,2020-05-09 05:28:30
385,Sfantu Gheorghe,45.87,25.78,51.01,87,67,0.74,RO,2020-05-09 05:28:31
386,Killybegs,54.63,-8.45,45.0,96,72,3.51,IE,2020-05-09 05:28:31
387,Urumita,10.56,-73.01,78.01,62,57,3.4,CO,2020-05-09 05:28:31
388,Quang Ngai,15.12,108.8,95.0,55,38,9.69,VN,2020-05-09 05:25:11
389,Liku,-0.73,119.89,86.49,71,89,2.95,ID,2020-05-09 05:28:31
390,Sinalunga,43.22,11.75,53.01,88,48,3.04,IT,2020-05-09 05:28:32
391,Riverton,40.52,-111.94,54.0,40,1,4.7,US,2020-05-09 05:23:58
392,Isabela,6.71,121.97,87.8,84,20,9.17,PH,2020-05-09 05:28:32
393,Korla,41.76,86.15,75.2,19,27,10.02,CN,2020-05-09 05:28:32
394,Atascocita,30.0,-95.18,70.0,68,90,9.17,US,2020-05-09 05:26:57
395,Lasa,46.62,10.7,51.01,100,75,2.01,IT,2020-05-09 05:28:33
396,Solnechnyy,50.72,136.63,62.44,30,72,3.96,RU,2020-05-09 05:28:33
397,Kirakira,-10.45,161.92,82.94,80,32,9.75,SB,2020-05-09 05:28:33
398,Lagoa,39.05,-27.98,61.66,89,94,17.25,PT,2020-05-09 05:28:33
399,Melchor De Mencos,17.07,-89.15,77.0,80,88,1.97,GT,2020-05-09 05:28:33
400,Cidreira,-30.18,-50.21,59.72,86,12,8.97,BR,2020-05-09 05:28:34
401,Pahrump,36.21,-115.98,77.0,11,31,4.0,US,2020-05-09 05:25:25
402,Burgeo,47.62,-57.62,35.1,87,53,11.12,CA,2020-05-09 05:28:34
403,Mocuba,-16.84,36.99,66.33,96,62,4.45,MZ,2020-05-09 05:26:53
404,Ponnani,10.77,75.93,89.98,63,96,3.83,IN,2020-05-09 05:28:35
405,Chute-Aux-Outardes,49.12,-68.4,33.8,86,90,10.29,CA,2020-05-09 05:28:35
406,Inhambane,-23.86,35.38,68.0,82,40,8.63,MZ,2020-05-09 05:28:05
407,Cristalina,-16.77,-47.61,59.16,100,60,6.62,BR,2020-05-09 05:28:35
408,Lima,-12.04,-77.03,66.2,88,78,8.05,PE,2020-05-09 05:24:35
409,Galle,6.04,80.22,86.23,72,32,6.62,LK,2020-05-09 05:27:50
410,Bo Rai,12.57,102.54,89.6,75,20,5.82,TH,2020-05-09 05:28:36
411,Blagoyevo,63.37,47.92,47.91,71,47,3.53,RU,2020-05-09 05:28:36
412,Klaksvik,62.23,-6.59,37.4,69,99,13.87,FO,2020-05-09 05:28:36
413,Mao,39.89,4.27,64.4,88,75,3.36,ES,2020-05-09 05:28:08
414,Clyde River,70.47,-68.59,12.2,85,90,16.11,CA,2020-05-09 05:28:37
415,Ponta Do Sol,32.67,-17.1,62.6,77,20,5.82,PT,2020-05-09 05:28:37
416,Qingdao,36.1,120.37,69.01,82,75,11.18,CN,2020-05-09 05:28:37
417,Lensk,60.73,114.93,44.96,50,0,8.28,RU,2020-05-09 05:28:37
418,Macomb,40.46,-90.67,39.99,55,1,4.7,US,2020-05-09 05:28:37
419,Bambous Virieux,-20.34,57.76,80.01,78,40,8.05,MU,2020-05-09 05:28:37
420,Soe,-9.86,124.28,78.24,67,38,7.83,ID,2020-05-09 05:28:38
421,Shelburne,44.08,-80.2,28.4,68,90,5.82,CA,2020-05-09 05:28:38
422,Meridian,43.61,-116.39,62.6,54,1,5.82,US,2020-05-09 05:28:38
423,San Joaquin,10.26,-67.79,78.66,62,99,4.34,VE,2020-05-09 05:28:38
424,Bjornevatn,69.67,29.98,32.0,90,75,6.93,NO,2020-05-09 05:28:38
425,Ngunguru,-35.62,174.5,62.01,78,0,3.0,NZ,2020-05-09 05:28:39
426,Zhob,31.34,69.45,81.48,22,0,1.59,PK,2020-05-09 05:28:39
427,Tibati,6.47,12.63,66.52,96,51,0.67,CM,2020-05-09 05:28:39
428,Flinders,-34.58,150.86,78.01,42,55,11.01,AU,2020-05-09 05:28:39
429,Douentza,15.0,-2.95,83.53,15,38,6.38,ML,2020-05-09 05:28:39
430,Spornoye,50.84,37.29,48.2,93,75,6.71,RU,2020-05-09 05:28:40
431,Maibong,25.3,93.17,91.49,23,0,4.0,IN,2020-05-09 05:28:40
432,Tucuman,-26.82,-65.22,51.8,87,0,6.93,AR,2020-05-09 05:28:40
433,Sibu,2.3,111.82,87.8,70,75,4.7,MY,2020-05-09 05:28:40
434,Russell,32.35,-85.2,62.6,77,90,11.41,US,2020-05-09 05:28:40
435,Manggar,-2.88,108.27,81.1,85,100,11.45,ID,2020-05-09 05:28:40
436,Suntar,62.14,117.63,41.0,59,87,6.53,RU,2020-05-09 05:28:41
437,Jalu,29.03,21.55,60.62,50,0,9.13,LY,2020-05-09 05:28:41
438,Mangla,31.89,72.38,98.65,18,24,12.01,PK,2020-05-09 05:28:41
439,Urumqi,43.8,87.6,77.0,9,0,8.95,CN,2020-05-09 05:28:41
440,Ajmer,26.45,74.63,98.4,18,1,17.07,IN,2020-05-09 05:28:41
441,Kampli,15.4,76.62,98.13,29,36,3.49,IN,2020-05-09 05:28:42
442,Roald,62.58,6.13,41.0,93,100,10.29,NO,2020-05-09 05:28:42
443,Broome,42.25,-75.83,30.0,73,75,9.17,US,2020-05-09 05:28:42
444,Chyhyryn,49.08,32.66,48.38,73,11,11.1,UA,2020-05-09 05:28:42
445,Moerai,-22.43,-151.33,77.74,75,0,11.97,PF,2020-05-09 05:28:42
446,Kiruna,67.86,20.23,28.4,74,98,3.36,SE,2020-05-09 05:28:43
447,Sumbe,-11.21,13.84,77.49,64,0,3.96,AO,2020-05-09 05:28:43
448,Haveli,30.45,73.7,104.23,13,0,13.4,PK,2020-05-09 05:28:43
449,Kapchorwa,1.4,34.45,61.9,91,78,0.49,UG,2020-05-09 05:28:43
450,Berriozabal,16.8,-93.27,73.36,80,47,2.04,MX,2020-05-09 05:28:43
451,Penzance,50.12,-5.54,53.01,81,56,14.99,GB,2020-05-09 05:28:43
452,Fairbanks,64.84,-147.72,64.4,23,1,4.79,US,2020-05-09 05:28:44
453,Inzai,35.8,140.18,72.0,60,75,10.29,JP,2020-05-09 05:28:44
454,Brigantine,39.41,-74.36,42.8,81,90,26.4,US,2020-05-09 05:28:44
455,Nalgonda,17.05,79.27,101.61,21,0,9.01,IN,2020-05-09 05:28:45
456,Homer,59.64,-151.55,51.8,53,75,12.75,US,2020-05-09 05:28:45
457,Almaty,43.25,76.95,73.4,35,75,11.18,KZ,2020-05-09 05:26:08
458,Zaysan,47.47,84.87,73.58,21,0,7.58,KZ,2020-05-09 05:28:45
459,Kadayanallur,9.08,77.35,91.42,49,71,5.66,IN,2020-05-09 05:28:45
460,Dzitbalche,20.32,-90.05,75.96,83,23,3.53,MX,2020-05-09 05:28:45
461,Saint George,37.1,-113.58,73.99,12,1,5.82,US,2020-05-09 05:26:40
462,Nizhniy Bestyakh,61.96,129.91,30.2,74,75,11.18,RU,2020-05-09 05:28:46
463,Harper,4.38,-7.72,80.17,84,92,5.59,LR,2020-05-09 05:28:46
464,Holme,56.11,10.17,48.2,81,80,4.7,DK,2020-05-09 05:28:46
465,Pacific Grove,36.62,-121.92,55.4,82,75,4.7,US,2020-05-09 05:28:46
466,Vao,-22.67,167.48,73.29,76,0,17.38,NC,2020-05-09 05:28:47
467,Maumere,-8.62,122.21,84.42,63,1,3.58,ID,2020-05-09 05:28:47
468,Bay-Khaak,51.17,94.5,50.85,41,0,4.47,RU,2020-05-09 05:28:47
469,Namatanai,-3.67,152.43,85.24,70,7,7.9,PG,2020-05-09 05:28:47
470,Ibra,22.69,58.53,94.19,23,0,2.01,OM,2020-05-09 05:28:47
471,Constitucion,-35.33,-72.42,54.77,92,93,4.41,CL,2020-05-09 05:28:48
472,Sao Felix Do Xingu,-6.64,-51.99,71.69,96,73,1.43,BR,2020-05-09 05:28:48
473,Vrbas,45.57,19.64,57.99,71,31,2.24,RS,2020-05-09 05:28:48
474,Qaqortoq,60.72,-46.03,50.0,27,89,11.41,GL,2020-05-09 05:28:48
475,Maarianhamina,60.1,19.93,42.8,60,39,9.17,AX,2020-05-09 05:28:48
476,Rivne,50.62,26.23,46.4,87,76,3.11,UA,2020-05-09 05:28:49
477,Ukiah,39.15,-123.21,66.2,48,1,1.97,US,2020-05-09 05:28:49
478,Tahe,52.33,124.73,68.99,22,44,3.65,CN,2020-05-09 05:28:49
479,Kochki,54.34,80.48,67.21,43,0,9.22,RU,2020-05-09 05:28:49
480,Margate,51.38,1.39,54.0,79,100,6.49,GB,2020-05-09 05:28:50
481,Geraldton,-28.77,114.6,73.4,33,93,10.29,AU,2020-05-09 05:28:50
482,Alboraya,39.5,-0.35,64.99,88,40,6.93,ES,2020-05-09 05:28:50
483,Mujiayingzi,42.12,118.78,68.86,26,100,11.86,CN,2020-05-09 05:28:50
484,Yaan,7.38,8.57,76.77,87,46,5.97,NG,2020-05-09 05:28:50
485,Isangel,-19.55,169.27,77.0,69,11,13.87,VU,2020-05-09 05:28:51
486,Kathmandu,27.72,85.32,73.4,53,40,4.7,NP,2020-05-09 05:28:23
487,Tecoanapa,16.52,-98.75,79.9,76,22,4.83,MX,2020-05-09 05:28:51
488,Makakilo City,21.35,-158.09,75.2,64,1,8.05,US,2020-05-09 05:28:51
489,Wenceslau Braz,-23.87,-49.8,53.01,99,0,1.01,BR,2020-05-09 05:28:51
490,Gyonk,46.56,18.48,59.0,58,65,1.12,HU,2020-05-09 05:28:51
491,Wuan,31.68,112.0,59.86,88,99,12.64,CN,2020-05-09 05:28:52
492,Talcahuano,-36.72,-73.12,57.2,93,97,12.75,CL,2020-05-09 05:28:52
493,Nova Praha,48.57,32.9,50.0,57,19,8.95,UA,2020-05-09 05:28:52
494,Yakovlevo,50.86,36.45,48.2,93,75,6.71,RU,2020-05-09 05:28:52
495,Mount Pleasant,32.79,-79.86,71.6,64,90,12.75,US,2020-05-09 05:28:53
496,Male,4.17,73.51,87.8,79,20,6.93,MV,2020-05-09 05:28:53
497,Seymchan,62.88,152.43,36.82,78,88,3.65,RU,2020-05-09 05:28:53
498,Leningradskiy,69.38,178.42,33.94,89,59,9.82,RU,2020-05-09 05:28:53
499,Moroni,-11.7,43.26,79.52,77,99,14.79,KM,2020-05-09 05:28:53
500,Coos Bay,43.37,-124.22,55.4,87,1,4.7,US,2020-05-09 05:28:54
501,Taltal,-25.4,-70.48,59.97,73,39,3.4,CL,2020-05-09 05:28:54
502,Sekudai,1.53,103.67,93.2,63,20,4.7,MY,2020-05-09 05:28:54
503,Benjamin Hill,30.17,-111.1,73.99,75,54,18.1,MX,2020-05-09 05:28:54
504,Czluchow,53.67,17.36,55.0,59,35,6.13,PL,2020-05-09 05:28:54
505,Abhar,36.15,49.22,64.27,41,0,4.27,IR,2020-05-09 05:28:55
506,Coquimbo,-29.95,-71.34,57.2,82,61,2.24,CL,2020-05-09 05:28:55
507,Halifax,44.65,-63.57,42.01,57,99,6.49,CA,2020-05-09 05:24:27
508,Broken Hill,-31.95,141.43,60.8,33,0,20.8,AU,2020-05-09 05:27:52
509,Plettenberg Bay,-34.05,23.37,60.67,76,0,1.16,ZA,2020-05-09 05:28:55
510,Shimoda,34.67,138.95,69.8,60,75,12.75,JP,2020-05-09 05:28:55
511,Aktau,43.65,51.2,64.4,82,21,6.71,KZ,2020-05-09 05:28:56
512,Coruripe,-10.13,-36.18,76.19,81,98,6.2,BR,2020-05-09 05:28:56
513,Srednekolymsk,67.45,153.68,38.21,81,24,8.39,RU,2020-05-09 05:28:56
514,Sangmelima,2.93,11.98,67.19,99,98,1.61,CM,2020-05-09 05:28:56
515,Carballo,43.21,-8.69,57.99,76,88,3.24,ES,2020-05-09 05:28:56
516,Ambulu,-8.35,113.61,85.62,79,100,8.28,ID,2020-05-09 05:28:57
517,Kiunga,-6.12,141.29,83.61,90,72,4.27,PG,2020-05-09 05:28:57
518,Carberry,49.87,-99.36,39.2,48,40,21.92,CA,2020-05-09 05:28:57
519,Touros,-5.2,-35.46,77.0,88,80,4.7,BR,2020-05-09 05:28:57
520,Tete,-16.16,33.59,69.8,68,75,1.01,MZ,2020-05-09 05:28:58
521,Dunedin,-45.87,170.5,55.99,85,2,3.0,NZ,2020-05-09 05:27:14
522,Sobolevo,54.43,31.9,46.63,67,91,5.14,RU,2020-05-09 05:28:58
523,Pedernales,18.04,-71.74,79.12,73,89,7.11,DO,2020-05-09 05:28:58
524,Balkanabat,39.51,54.37,69.93,52,16,2.75,TM,2020-05-09 05:28:58
525,Karratha,-20.74,116.85,89.11,22,58,19.01,AU,2020-05-09 05:28:21
526,Mongu,-15.25,23.13,58.91,71,0,5.21,ZM,2020-05-09 05:28:59
527,Saint-Pierre,-21.34,55.48,78.01,57,20,5.82,RE,2020-05-09 05:28:59
528,Heihe,50.24,127.49,66.2,39,20,4.47,CN,2020-05-09 05:28:59
529,Ust-Tsilma,65.44,52.15,46.8,68,0,4.68,RU,2020-05-09 05:28:59
530,Champerico,14.3,-91.92,85.42,71,73,3.0,GT,2020-05-09 05:28:59
531,Portland,45.52,-122.68,72.0,28,20,13.87,US,2020-05-09 05:29:00
532,Harsin,34.27,47.59,62.6,51,0,9.17,IR,2020-05-09 05:29:00
533,Veraval,20.9,70.37,89.1,56,0,11.21,IN,2020-05-09 05:29:00
534,Mbour,14.42,-16.96,69.8,83,9,19.46,SN,2020-05-09 05:29:00
535,Nishihara,26.18,127.76,80.6,78,75,12.75,JP,2020-05-09 05:29:01
536,Praya,14.92,-23.51,71.6,73,20,13.87,CV,2020-05-09 05:28:08
537,Coahuayana,18.73,-103.68,74.26,75,0,2.46,MX,2020-05-09 05:29:01
538,Dhrangadhra,22.98,71.47,99.09,27,0,10.56,IN,2020-05-09 05:29:01
539,Douglas,41.3,-96.17,46.0,70,1,3.76,US,2020-05-09 05:29:02
540,Tamale,9.4,-0.84,80.65,73,17,6.64,GH,2020-05-09 05:29:02
541,Kapuskasing,49.42,-82.43,24.8,79,90,12.75,CA,2020-05-09 05:29:02
542,Nago,26.59,127.98,80.6,74,75,10.29,JP,2020-05-09 05:29:02
543,Tancheng,27.44,115.5,79.74,88,100,1.01,CN,2020-05-09 05:29:02
544,Angoche,-16.23,39.91,74.37,75,19,7.14,MZ,2020-05-09 05:24:23
545,Francisco Beltrao,-26.08,-53.05,47.57,83,0,2.53,BR,2020-05-09 05:29:03
546,Rzhev,56.26,34.33,48.13,61,0,3.56,RU,2020-05-09 05:29:03
547,Grootfontein,-19.57,18.12,50.04,51,0,5.08,NA,2020-05-09 05:29:03
548,Rundu,-17.93,19.77,57.2,62,4,3.36,NA,2020-05-09 05:29:03
549,Tevaitoa,-16.78,-151.5,82.62,80,59,14.43,PF,2020-05-09 05:29:04
550,Marsa Matruh,31.35,27.25,62.6,67,0,11.41,EG,2020-05-09 05:29:04
551,Amga,60.9,131.96,40.51,66,100,7.36,RU,2020-05-09 05:29:04
552,Nantucket,41.28,-70.1,50.0,93,90,17.22,US,2020-05-09 05:27:51
553,Beisfjord,68.38,17.6,32.0,91,99,10.29,NO,2020-05-09 05:29:05
554,Haines Junction,60.75,-137.51,49.3,49,85,2.75,CA,2020-05-09 05:29:05
555,San Jose,37.34,-121.89,69.01,55,40,6.93,US,2020-05-09 05:26:06
556,Mehamn,71.04,27.85,33.08,89,99,15.01,NO,2020-05-09 05:29:05
557,Hervey Bay,-25.3,152.85,79.0,47,90,10.29,AU,2020-05-09 05:29:05
558,Maryborough,-25.53,152.7,78.84,40,10,6.71,AU,2020-05-09 05:29:05
559,Galveston,29.37,-94.97,72.0,78,90,14.99,US,2020-05-09 05:27:36
560,Andros Town,24.7,-77.77,75.2,78,75,3.36,BS,2020-05-09 05:29:06
561,Magelang,-7.47,110.22,91.4,59,20,8.05,ID,2020-05-09 05:29:06
562,Palana,59.12,159.97,29.68,96,88,23.98,RU,2020-05-09 05:29:06
563,Husavik,66.04,-17.34,28.4,68,20,5.82,IS,2020-05-09 05:29:06
564,Sanchor,24.76,71.77,97.57,29,0,11.3,IN,2020-05-09 05:29:07
565,Perth,-31.93,115.83,69.01,42,20,6.93,AU,2020-05-09 05:25:11
566,Ossora,59.24,163.07,33.3,90,100,17.38,RU,2020-05-09 05:29:07
567,Half Moon Bay,37.46,-122.43,60.01,100,90,4.7,US,2020-05-09 05:29:07
568,Nikolayevsk-Na-Amure,53.14,140.73,39.15,80,100,3.04,RU,2020-05-09 05:29:07
569,Bathsheba,13.22,-59.52,80.6,74,20,17.22,BB,2020-05-09 05:28:14
570,Zolochiv,49.81,24.89,48.2,87,72,4.41,UA,2020-05-09 05:29:08
571,Karoi,-16.81,29.69,53.74,82,2,3.83,ZW,2020-05-09 05:29:08
572,Spassk-Ryazanskiy,54.41,40.38,55.0,95,99,3.38,RU,2020-05-09 05:29:08
573,Gold Coast,-28.0,153.43,78.01,57,92,17.22,AU,2020-05-09 05:25:16
574,Anuradhapura,8.36,80.42,91.45,57,35,2.93,LK,2020-05-09 05:29:08
575,Juneau,58.3,-134.42,53.6,54,40,4.63,US,2020-05-09 05:29:09
576,Rijssen,52.31,6.52,51.01,82,69,1.01,NL,2020-05-09 05:29:09
577,Qom,34.64,50.88,76.78,24,0,3.31,IR,2020-05-09 05:27:47
578,Sisophon,13.59,102.97,98.06,44,100,5.55,KH,2020-05-09 05:29:09
579,Diu,20.71,70.98,92.5,44,0,10.51,IN,2020-05-09 05:29:09
580,Saint-Joseph,-21.37,55.62,78.01,57,20,5.82,RE,2020-05-09 05:29:10
581,Puerto Suarez,-18.95,-57.8,53.98,63,0,0.47,BO,2020-05-09 05:29:10
582,Belyy Yar,53.6,91.39,59.0,30,25,2.24,RU,2020-05-09 05:29:10
583,Buraydah,26.33,43.98,84.2,54,20,8.05,SA,2020-05-09 05:29:10
584,Port Hardy,50.7,-127.42,55.4,54,40,6.93,CA,2020-05-09 05:26:50
585,Shache,38.42,77.24,72.73,32,88,4.41,CN,2020-05-09 05:29:10
586,Rio Pardo De Minas,-15.61,-42.54,60.78,93,99,8.3,BR,2020-05-09 05:29:11
587,Ferme-Neuve,46.7,-75.45,24.67,87,31,5.93,CA,2020-05-09 05:29:11
588,Kaduqli,11.02,29.72,84.99,30,100,2.06,SD,2020-05-09 05:29:11
589,Alofi,-19.06,-169.92,78.8,88,45,5.82,NU,2020-05-09 05:29:11
590,Mar Del Plata,-38.0,-57.56,55.0,76,92,9.17,AR,2020-05-09 05:29:11
591,Skjervoy,70.03,20.97,34.32,84,100,15.9,NO,2020-05-09 05:29:12
592,Uruzgan,32.83,66.0,75.42,18,0,5.26,AF,2020-05-09 05:29:12
593,Balashov,51.55,43.17,51.01,88,29,1.99,RU,2020-05-09 05:29:12
